id,start,end
0,1713948656744,1713948666778
1,1713948687812,1713948697847
2,1713948722091,1713948732124
3,1713948744167,1713948754407
4,1713948768472,1713948778720
5,1713948792963,1713948802998
6,1713948824033,1713948834067
7,1713948848308,1713948858342
8,1713948873586,1713948883621
9,1713948900658,1713948910695
10,1713948935732,1713948945768
11,1713948965818,1713948975853
12,1713948989887,1713948999923
13,1713949014164,1713949024198
14,1713949048234,1713949058267
15,1713949082304,1713949092337
16,1713949111580,1713949121827
17,1713949140862,1713949150897
18,1713949161544,1713949171583
19,1713949186622,1713949196659
20,1713949218696,1713949228730
21,1713949240763,1713949250799
22,1713949266835,1713949277879
23,1713949298916,1713949309161
24,1713949320406,1713949330649
25,1713949352685,1713949362721
26,1713949381760,1713949392212
27,1713949410248,1713949421302
28,1713949444340,1713949454375
29,1713949479410,1713949489444
30,1713949505480,1713949515516
31,1713949536553,1713949546797
32,1713949558837,1713949568873
33,1713949580907,1713949590941
34,1713949609185,1713949619219
35,1713949630668,1713949640701
36,1713949665738,1713949675772
37,1713949700808,1713949710843
38,1713949733879,1713949743917
39,1713949759955,1713949769990
40,1713949780024,1713949790268
41,1713949804509,1713949814545
42,1713949837597,1713949847632
43,1713949863666,1713949873700
44,1713949898944,1713949908980
45,1713949929047,1713949939086
46,1713949959133,1713949969167
47,1713949991204,1713950001241
48,1713950016278,1713950026313
49,1713950043348,1713950053382
